Title,Price (INR),Rating,Review Count,Product URL
"Lenovo IdeaPad Slim 3, Intel Core i5-12450H, 12th Gen, 16GB RAM, 512GB SSD, FHD, 14""/35.5cm, Windows 11, MS Office Home 2024, Grey, 1.37Kg, 83EQ0072IN, Alexa Built-in, 3 mon. Game Pass Laptop",47390,3.9 out of 5 stars,609,
"HP 15, 13th Gen Intel Core i3-1315U (12GB DDR4, 512GB SSD) FHD, Anti-Glare, Micro-Edge, 15.6''/39.6cm, Win11, M365 Basic(1yr)* Office24, Silver, 1.59kg, fd0573TU, FHD Camera w/Shutter, Backlit Laptop",35990,3.7 out of 5 stars,147,
"HP Pavilion x360, 13th Gen Intel Core i5-1335U (16GB DDR4, 512GB SSD) FHD, IPS, Micro-Edge, 14""/35.6cm, Touchscreen 2-in-1, Win11, Office21, Silver, 1.51kg, ek1074TU, Iris Xe, FPR, 5MP Camera Laptop",64990,3.8 out of 5 stars,169,
"HP 15, AMD Ryzen 3 7320U (8GB LPDDR5, 512GB SSD) FHD, Anti-Glare, Micro-Edge, 15.6""/39.6cm, Win 11, Office 21, Silver, 1.59kg, fc0154AU, AMD Radeon Graphics, 1080p FHD Camera Laptop",28990,4.0 out of 5 stars,"1,653",
"HP 15, 13th Gen Intel Core i3-1315U (12GB DDR4, 512GB SSD) FHD, Anti-Glare, Micro-Edge, 15.6''/39.6cm, Win11, M365 Basic(1yr)* Office24, Silver, 1.59kg, fd0573TU, FHD Camera w/Shutter, Backlit Laptop",35990,3.7 out of 5 stars,147,
"Acer [SmartChoice Aspire Lite AMD Ryzen 5-5625U Processor, 16 GB/512 GB, Full HD, 15.6""/39.62 cm, Windows 11 Home, Steel Gray, 1.59 kg, AL15-41, Metal Body, Thin and Light Laptop",31490,3.9 out of 5 stars,"1,270",
"Acer Aspire Lite, 13th Gen, Intel Core i3-1305U, 8GB RAM, 512GB SSD, Full HD, 15.6""/39.62cm, Windows 11 Home, Steel Gray, 1.59KG, AL15-53, Metal Body, 36 WHR, Thin and Light Premium Laptop",29990,3.9 out of 5 stars,336,
"Apple MacBook Air Laptop: Apple M1 chip, 13.3-inch/33.74 cm Retina Display, 8GB RAM, 256GB SSD Storage, Backlit Keyboard, FaceTime HD Camera, Touch ID. Works with iPhone/iPad; Space Grey",54990,4.6 out of 5 stars,"7,004",
"Dell Inspiron 3530 Laptop, 13th Gen Intel Core i5-1334U Processor, 16GB, 512GB SSD, 15.6""(39.62cm) FHD 120Hz 250 nits, Backlit KB, Windows 11 + MSO'24 & 15 Month McAfee, Silver, Thin & Light- 1.62kg",52990,3.8 out of 5 stars,69,
"Lenovo Smartchoice LOQ, Intel Core i5-12450HX, 12th Gen, RTX 3050-6GB, 16GB RAM, 512GB SSD, FHD 144Hz 300Nits, 15.6""/39.6cm, Windows 11, MS Office 21, Grey, 2.4Kg, 83GS003UIN, Gaming Laptop",65990,4.0 out of 5 stars,612,
"CHUWI CoreBook X Pro Laptop 12thGen i5-12450H Processor 15.6"" Laptop with 16GB DDR4 RAM and 512GB SSD, FHD Display, Backlit Keyboard, Windows 11, Gray, 3xUSB3.0,1xHDMI,SD Card Slot,3.5MM,Camera Switch",33990,3.6 out of 5 stars,133,
"Lenovo IdeaPad Slim 3 12th Gen Intel® Core™ i5-12450H 15.6 inch (39.6cm) FHD Laptop (16GB/512GB SSD/Windows 11/Office 2024/Alexa Built-in/1Yr ADP Free/3 Month Game Pass/Arctic Grey/1.62Kg), 83ER00KPIN",48990,3.9 out of 5 stars,261,
"HP 15, AMD Ryzen 5 7520U, 16GB DDR5, 512GB SSD, (Win 11, Office 21, Silver, 1.59kg), Anti-Glare, Micro-Edge, 15.6-inch(39.6cm), FHD Laptop, AMD Radeon Graphics, 1080p FHD Camera, Backlit KB, fc0156AU",41490,3.4 out of 5 stars,72,
"HP Smartchoice Victus, AMD Ryzen 5 8645HS, 6GB RTX 3050, 31 TOPS, Upgrade (Upto 32GB) 16GB DDR5, 512GB SSD, FHD, 144Hz,IPS, 15.6""/39.6cm, Win11, M365* Office24, Blue, 2.3kg, fb3009AX, AI Gaming Laptop",65990,3.4 out of 5 stars,21,
HP 255 G10 ‎‎Laptop (AMD Athlon Silver 7120U/ 8GB RAM / 256GB SSD/Windows 11/15.6 INCH ASH Silver,22390,3.8 out of 5 stars,33,
"HP Professional 15, 12th Gen Intel Core Celeron-N4500 Turbo Boost, 8GB DDR4, 256GB SSD, (Win 11 Pro, MSO 21Pro, Gray, 1.59kg), 15.6 inch, UHD Graphics, Numeric KB, Business Laptop",22220,4.8 out of 5 stars,9,
"Lenovo {SmartChoice)Chromebook Intel Celeron N4500 (4GB RAM/64GB eMMC 5.1/11.6 Inch (29.46cm)/HD Display/2Wx2 Stereo Speakers/HD Camera/Chrome OS/Blue/1.21Kg), 82UY0014HA",13990,3.8 out of 5 stars,10,
"Lenovo ThinkBook 16 AMD Ryzen 5 7535HS (16GB RAM/512GB SSD/Win 11 Home/Office 2024/Backlit Keyboard/Fingerprint) 16"" WUXGA IPS 300 Nits Thin & Light Laptop/1Y Warranty/Aluminium Top/1.7kg, 21MWA0BSIN",46990,3.7 out of 5 stars,4,
"Lenovo IdeaPad Slim 3, Intel Core i5-12450H, 12th Gen, 16GB RAM, 512GB SSD, FHD, 14""/35.5cm, Windows 11, MS Office Home 2024, Grey, 1.37Kg, 83EQ0072IN, Alexa Built-in, 3 mon. Game Pass Laptop",47390,3.9 out of 5 stars,609,
"ASUS Vivobook 15, Intel Core i3-1315U 13th Gen, 15.6"" (39.62 cms) FHD, Thin and Light Laptop (8GB RAM/512GB SSD/Win11/MS Office/Backlit Keyboard/Silver/1.7 kg), X1504VA-NJ320WS",33990,4.2 out of 5 stars,35,
"HP 15, 13th Gen Intel Core i5-1335U (16GB DDR4, 512GB SSD) FHD, Anti-Glare, Micro-Edge, 15.6''/39.6cm, Win11, M365 Basic(1yr)* Office24, Silver,1.59kg, fd0577TU, Iris Xe, FHD Camera w/Shutter Laptop",51990,3.8 out of 5 stars,26,
"ASUS Vivobook 15,13th Gen,Intel Core i5-13420H(Intel UHD iGPU/16GB RAM/512GB SSD/FHD/15.6""/60Hz/Backlit Keyboard/Windows 11/M365 Basic (1Year)*/Office Home 2024/Quiet Blue/1.70 kg) X1502VA-BQ836WS",50990,3.8 out of 5 stars,58,
"Lenovo IdeaPad Slim 3, Intel Core i5-12450H, 12th Gen, 16GB RAM, 512GB SSD, FHD, 14""/35.5cm, Windows 11, MS Office Home 2024, Grey, 1.37Kg, 83EQ0072IN, Alexa Built-in, 3 mon. Game Pass Laptop",47390,3.9 out of 5 stars,609,
"Dell Inspiron 15-3530 Laptop - 15.6 inch FHD, 13th Gen Intel Core i7-1355U, 16GB DDR4 RAM, 512GB SSD, Backlit Keyboard, Windows 11 Home, Platinum Silver, 1.62 Kg, 1 Year Onsite Hardware Service",67990,3.9 out of 5 stars,36,
"Acer Aspire 3, Intel Core Celeron N4500, 8GB LPDDR4X, 512GB SSD, HD, 14""/35.56cm, Windows 11 Home, Pure Silver, 1.3KG, A324-45, HD Webcam, 38 WHR Laptop",21990,3.4 out of 5 stars,406,
"HP 15, 13th Gen Intel Core i3-1315U Laptop (8GB DDR4,512GB SSD) Anti-Glare, Micro-Edge,15.6''/39.6cm, FHD, Win11,M365 Basic(1yr),Office Home24, Silver,1.59kg, FHD Camera w/Privacy Shutter, fd0569TU",34990,4.1 out of 5 stars,"2,012",
"Acer Aspire Lite, AMD Ryzen 3 7330U Processor, 8 GB RAM, 512 GB SSD, Full HD, 15.6""/39.62cm, Windows 11 Home, Steel Gray, 1.6KG, AL15-41, Metal Body, Premium Thin and Light Laptop",24990,3.9 out of 5 stars,"1,270",
"Lenovo Smartchoice LOQ, Intel Core i5-12450HX, 12th Gen, RTX 3050-6GB, 16GB RAM, 512GB SSD, FHD 144Hz 300Nits, 15.6""/39.6cm, Windows 11, MS Office 21, Grey, 2.4Kg, 83GS003UIN, Gaming Laptop",65990,4.0 out of 5 stars,612,
"Acer Aspire Lite, AMD Ryzen 3 7330U Processor, 16 GB RAM, 512GB SSD, Full HD, 15.6""/39.62cm, Windows 11 Home, Steel Gray, 1.59KG, AL15-41, Metal Body, Premium Thin and Light Laptop",28490,3.9 out of 5 stars,"1,270",
"Lenovo V15 G4 AMD Ryzen 5 7520U 15.6 inch FHD Thin & Lite Laptop, AMD Graphics, 16GB DDR5 5500Mhz Ram, 512GB SSD NVMe, Windows 11, Dolby Audio, Arctic Grey, 1 Year Onsite Brand Warranty",33990,4.1 out of 5 stars,82,
STRIFF Adjustable Laptop Tabletop Stand Patented Riser Ventilated Portable Foldable Compatible with MacBook Notebook Tablet Tray Desk Table Book with Free Phone Stand (Black),224,4.3 out of 5 stars,"39,828",
"JioBook 11 with Lifetime Office/Android 4G Laptop Mediatek 8788 (JioOS) / Octa-core/ 4GB RAM / 64 eMMC Storage/Thin and Light Laptop (11.6 inch, 990 Grams)/ Dual Band WiFi + SIM/Blue",12990,3.0 out of 5 stars,403,
"Lenovo Smartchoice Yoga Slim 7 Intel Core Ultra 5 125H Built-in AI 14""(35.5cm) WUXGA-OLED 400Nits Laptop (16GB/512GB SSD/60Hz/100% DCI-P3/Win11/MSO 21/1Yr ADP Free/Alexa/Grey/1.39Kg), 83CV003MIN",74990,4.0 out of 5 stars,25,
"HP 15, 13th Gen Intel Core i5-1335U (16GB DDR4, 512GB SSD) FHD, Anti-Glare, Micro-Edge, 15.6''/39.6cm, Win11, M365 Basic(1yr)* Office24, Silver,1.59kg, fd0577TU, Iris Xe, FHD Camera w/Shutter Laptop",51990,3.8 out of 5 stars,26,
"HP 15, 13th Gen Intel Core i3-1315U Laptop (8GB DDR4, 512GB SSD) Anti-Glare, Micro-Edge, 15.6""/39.6cm, FHD, Win 11, MSO 21, Silver, 1.59kg, Intel UHD Graphics, 1080p FHD Camera, 15-fd0006TU/fd0186tu",33990,3.7 out of 5 stars,147,
"HP 15, 13th Gen Intel Core i5-1334U Laptop(16GB DDR4, 512GB SSD), 15.6""/39.6cm,FHD,Win 11,Office 24,Microsoft 365*, Silver,1.59kg, Iris Xe Graphics, FHD Camera w/Privacy Shutter, Backlit KB, fd0467tu",53990,3.3 out of 5 stars,33,
"HP 15, 13th Gen Intel Core i5-1335U (16GB DDR4, 512GB SSD) FHD, Anti-Glare, Micro-Edge, 15.6''/39.6cm, Win11, M365 Basic(1yr)* Office24, Silver,1.59kg, fd0577TU, Iris Xe, FHD Camera w/Shutter Laptop",51990,3.8 out of 5 stars,26,
"ASUS TUF Gaming A15, 15.6"" (39.62cm) FHD 16:9 144Hz, AMD Ryzen 7 7435HS, Gaming Laptop (16 DDR5/512GB SSD/NVIDIA GeForce RTX 2050/Windows 11 Home/Graphite Black/2.30 Kg), FA506NFR-HN045W",56899,3.9 out of 5 stars,351,
"ASUS TUF Gaming A15, AMD Ryzen 7 7435HS Gaming Laptop(NVIDIA RTX 3050-4GB/60W TGP/16GB RAM/512GB SSD/FHD/15.6""/144Hz/RGB KB/48WHr/Windows 11//Graphite Black/2.30 Kg) FA506NCR-HN054W",63990,3.9 out of 5 stars,351,
ULTIMUS APEX Laptop Intel Celeron Dual Core 8 GB LPDDR4 512 GB SSD Expandable~1TB 14.1 FHD IPS Laptop Anti-Glare Ultra Thin Bezel 180° Hinge 3.0x3 USB HDMI SD Card Slot Win 11 Home 1.25KG Silver,17490,3.6 out of 5 stars,8,
"Lenovo V15 AMD Ryzen 3 7320U 15.6"" (39.62cm) FHD 250 Nits Antiglare Thin and Light Laptop (8GB/512GB SSD/Windows 11 Home/Arctic Grey/1.63 Kg), 83CQ000XIN",25990,3.7 out of 5 stars,73,
"Lenovo Smartchoice LOQ AMD Ryzen 5 7235HS | NVIDIA RTX 3050 6GB (24GB RAM/512GB SSD/15.6"" (39.6cm)/Windows 11/Office Home 2024/100% sRGB/3 Mon. Game Pass/Grey/2.4Kg), 83JC00EFIN Gaming Laptop",65490,4.1 out of 5 stars,102,
"ASUS Vivobook S16,13th Gen,Intel Core i5-13420H,Metallic Design Laptop(Intel UHD iGPU/16GB RAM/512GB SSD/FHD+/16""/144Hz/Windows 11/M365 Basic(1Year)*/Office Home 2024/Matte Gray/1.7 Kg)S3607VA-RP054WS",59990,5.0 out of 5 stars,2,
"Dell Inspiron 3530 Laptop, 13th Gen Intel Core i5-1334U Processor, 16GB, 512GB SSD, 15.6""(39.62cm) FHD 120Hz 250 nits, Backlit KB, Windows 11 + MSO'24 & 15 Month McAfee, Silver, Thin & Light- 1.62kg",52990,3.8 out of 5 stars,69,
"Lenovo Smartchoice Yoga Slim 7 Intel Core Ultra 5 125H Built-in AI 14""(35.5cm) WUXGA-OLED 400Nits Laptop (16GB/512GB SSD/60Hz/100% DCI-P3/Win11/MSO 21/1Yr ADP Free/Alexa/Grey/1.39Kg), 83CV003MIN",74990,4.0 out of 5 stars,25,
"HP OmniBook 5 (Previously Pavilion), QC Snapdragon X (16GB LPDDR5x, 1TB SSD) 2K, OLED, 14''/35.6cm, Win11, M365 Basic(1yr)* Office24, Silver, 1.35kg, he0015QU, Ultra Light-Weight, Next-Gen AI Laptop",72990,,M.R.P.:,
"ASUS TUF Gaming A15, AMD Ryzen 7 7435HS Gaming Laptop(NVIDIA RTX 3050-4GB/60W TGP/16GB RAM/512GB SSD/FHD/15.6""/144Hz/RGB KB/48WHr/Windows 11//Graphite Black/2.30 Kg) FA506NCR-HN054W",63990,3.9 out of 5 stars,351,
"Lenovo LOQ 2024, AMD Ryzen 7 7435HS, NVIDIA RTX 4060-8GB, 24GB RAM, 512GB SSD, 15.6""/39.6cm, Windows 11, MS Office Home 2024, Grey, 2.4Kg, 83JC00EHIN, 100% sRGB, 3 Mon. Game Pass Gaming Laptop",90990,4.3 out of 5 stars,86,
ULTIMUS APEX Laptop Intel Celeron Dual Core 8 GB LPDDR4 512 GB SSD Expandable~1TB 14.1 FHD IPS Laptop Anti-Glare Ultra Thin Bezel 180° Hinge 3.0x3 USB HDMI SD Card Slot Win 11 Home 1.25KG Silver,17490,3.6 out of 5 stars,8,
"HP Pavilion 16 AI Laptop, Intel Core Ultra 5 125U (14th Generation) 16 GB LPDDR5,1TB SSD,16-inch (40 cm), WUXGA, 300 nits, 1080p FHD IR Camera, Backlit Kb, (Win11+Office, Silver, 1.77 kg) 16-af0056TU",62985,3.8 out of 5 stars,178,
"HP 15 Laptop,13th Gen Intel Core i7-1355U Laptop(16GB DDR4,512GB SSD) Anti-Glare, Micro-Edge,15.6"" FHD, Win11, M365 Basic(1yr),MSOffice 2024,Silver,1.59kg, Iris Xe, Camera w/Shutter,FPR, fd0515TU",64990,5.0 out of 5 stars,7,
"HP 255 G10, AMD Ryzen 3 7320U Quad Core -(8 GB/512 GB SSD/AMD Radeon Graphics) Thin and Light Business Laptop/15.6"" HD Display/Turbo Silver/1.5 kg",26490,2.5 out of 5 stars,13,
"Dell Inspiron 3530 Thin & Light Laptop, 13th Gen Intel Core i3-1305U/8GB/512GB SSD/15.6"" (39.62cm) 120Hz Refresh Rate on a FHD IPS Display/Windows 11 + MSO'21+McAfee 15 Month/Carbon Black/1.62kg",33990,4.0 out of 5 stars,171,
"Primebook 4G, 2025(New, WiFi+4G) Android Based MediaTek MT8788 - (PrimeOS) 4G SIM Slot, Thin and Light Laptop (11.6 Inch, 1.065 Kg, Type C, USB, HDMI, MicroSD) (4GB/64GB eMMC Storage, Black)",16490,4.5 out of 5 stars,646,
"Dell Inspiron 15-3530 Laptop - 15.6 inch FHD, 13th Gen Intel Core i7-1355U, 16GB DDR4 RAM, 512GB SSD, Backlit Keyboard, Windows 11 Home, Platinum Silver, 1.62 Kg, 1 Year Onsite Hardware Service",67990,3.9 out of 5 stars,36,
"Lenovo Yoga Slim 7 Aura Edition Intel Core Ultra 7 258V,Copilot+ AI PC(32GB RAM/1TB SSD/14(35.5cm)/WUXGA OLED AI Now/47 Tops/Windows 11/Office Home 2024/1Yr ADP/Grey/1.19Kg), 83JX001MIN AI Laptop",148490,4.7 out of 5 stars,13,
"HP 15s, AMD Ryzen 5 5500U (8GB DDR4, 512GB SSD) FHD, Anti-Glare, 15.6''/39.6 cm, Win 11, Office 21, Silver, 1.69 kg, eq2144AU, AMD Radeon Graphics, HD Camera, Dual Speakers Laptop",35990,4.0 out of 5 stars,"1,128",
"Dyazo 6 Angles Adjustable Aluminum Ergonomic Foldable Portable Tabletop Laptop/Desktop Riser Stand Holder Compatible for MacBook, HP, Dell, Lenovo & All Other Notebook (Silver)",328,4.3 out of 5 stars,"14,963",
"Lenovo Smartchoice Ideapad Slim 3 13Th Gen Intel Core I7-13620H 15.3 Inch(38.8Cm) WUXGA IPS Laptop(16GB RAM/512GB SSD/Windows 11/Office Home 2024/Backlit Keyboard/1Yr ADP Free/Grey/1.6Kg),83K100CJIN",61990,3.8 out of 5 stars,42,
"HP Smartchoice Omen AMD Ryzen 7 7840Hs, 8GB RTX 4060 (16GB DDR5, 1TB SSD) FHD, 165Hz, 300Nits, IPS, 16.1''/40.9cm, Win11, Office 21, Black, 2.32kg, Xd0020ax, RGB kb, Tempest Cooling, AI Gaming Laptop",102990,4.0 out of 5 stars,228,
"Cable World Educational Laptop Computer Toy Educational Computer for Kids Above 3 Years - 20 Fun Activity Learning Machine, Now Learn Letter, Words, Games, Mathematics, Music, Logic, Memory Tool,Blue",649,3.8 out of 5 stars,"3,666",
"HP 15, Intel Ultra 5 125H, 12 Tops (16GB DDR5, 512GB SSD) FHD, IPS, 15.6''/39.6cm, Win11, M365 Basic(1yr)* Office24, Silver, 1.65kg, fd1254TU, Intel Graphics, FHD Camera w/Shutter, AI Powered Laptop",59990,3.0 out of 5 stars,21,
"Walker Best Student &Office Work Laptop|Thin & Light|14.1"" 1920 * 1080 Resolution FHD IPS Display |4GB RAM,128GB SSD|Celeron Processor N4020 (Gemini Lake)| Windows 11 Home | Silver",12490,3.4 out of 5 stars,135,
"HP 15 (2025), Intel Celeron Dual Core N4500 - (8 GB/256 GB SSD/Intel UHD Graphics/Windows 11 Pro) Thin and Light Business Laptop/15.6"" HD Display/Ash Grey/1.5 kg/MS Office 2021",22490,5.0 out of 5 stars,1,
"Lenovo IdeaPad Slim 5 Intel Core Ultra 5 125H Built-in AI 14"" (35.5cm) WUXGA-OLED 400Nits Thin & Light Laptop (16GB/1TB SSD/Win 11/MSO 21/FHD+IR Cam/1Yr ADP Free/3Mon Game Pass/Grey/1.4Kg), 83DA0049IN",74990,3.9 out of 5 stars,52,
"HP 15, 13th Gen Intel Core i5-1335U (16GB DDR4, 512GB SSD) FHD, Anti-Glare, Micro-Edge, 15.6''/39.6cm, Win11, M365 Basic(1yr)* Office24, Silver,1.59kg, fd0577TU, Iris Xe, FHD Camera w/Shutter Laptop",51990,3.8 out of 5 stars,26,
"Lenovo V14 G3, 12th Gen Intel Core i7-1255U Upto 4.70Ghz (16GB RAM/512GB SSD/Windows 11) 14.0"" FHD Display Thin and Light Laptop/Iron Grey /1.70 kg 1 Year Onsite Brand Warranty",46990,4.0 out of 5 stars,61,
"Lenovo V15 G4 AMD Athlon Silver 7120U Laptop 8GB LPDDR5 Ram, 512 GB SSD PCIe, Windows 11 Lifetime Validity,15.6"" FHD Screen, AMD Radeon 610M, Silver, 1 Year Brand Warranty",25990,4.1 out of 5 stars,196,
"Apple 2025 MacBook Air (13-inch, Apple M4 chip with 10-core CPU and 8-core GPU, 16GB Unified Memory, 256GB) - Midnight",,4.8 out of 5 stars,29,
"Lenovo {Smartchoice} Idea Tab Pro with Pen Plus|12.7"" 3K Display|144 Hz Refresh|12 GB RAM, 256 GB ROM| AI-Enabled| MediaTek Dimensity 8300|Quad JBL Speakers|10200 mAh Battery with 45 W Charger|WiFi 6e",27999,4.3 out of 5 stars,234,
"HP 15, 13th Gen Intel Core i7-1355U (16GB DDR4, 512GB SSD) FHD, Anti-Glare, 15.6’’/39.6cm, Win11, M365 Basic(1yr)* Office 24, Silver, 1.59kg, fd0468tu, Iris Xe, FHD Camera w/Shutter, Backlit Laptop",62990,3.5 out of 5 stars,18,
"Lenovo IdeaPad 1 AMD Ryzen 5 5625U 15.6 inch (38.5cm) FHD Laptop (16GB RAM/512GB SSD/Windows 11/Office Home 2024/3 Month Game Pass/Grey/1.6Kg), 82R4011CIN",36990,4.1 out of 5 stars,"2,057",
"Acer [SmartChoice Aspire 3 Laptop Intel Core Celeron N4500 Processor Laptop (8 GB LPDDR4X SDRAM/512 GB SSD/Win11 Home/38 WHR/HD Webcam) A325-45 with 39.63 cm (15.6"") HD Display, Pure Silver, 1.5 KG",21990,3.4 out of 5 stars,406,
"Lenovo IdeaPad Slim 3 Ryzen 5 5625U 15.6"" (39.6cm) FHD Thin and Light Laptop (16GB RAM/512GB SSD/Integrated AMD Radeon Graphics/Windows 11/Office Home 2024/Grey/1.6Kg), 82XM00QDIN",36990,3.2 out of 5 stars,6,
"Acer [SmartChoice Aspire 3 Laptop Intel Core Celeron N4500 Processor Laptop (8 GB LPDDR4X SDRAM/256 GB SSD/Win11 Home/38 WHR/HD Webcam) A325-45 with 39.63 cm (15.6"") HD Display, Pure Silver, 1.5 KG",20990,3.4 out of 5 stars,406,
"HP 15 AMD Ryzen 3 7320U (8GB Ram/512GB SSD/Fhd/15.6"" (39.6 Cm)/Backlit Keyboard/Windows 11/Ms Office 21/1.59Kg/Silver) Fc0026Au Laptop",31990,4.1 out of 5 stars,"1,320",
"HP 255 G10 7000 Series AMD Ryzen 5 Quad Core 7520U 2.8Ghz Upto 4.3Ghz - (8 GB/512 GB SSD/AMD Radeon Graphics) 255 G10 Thin and Light Laptop (15.6 inch, Matt Silver, 1.45 kg)",28290,3.2 out of 5 stars,34,
"Dell Inspiron 3530, Intel Core i5-1334U, 13th Gen, 16GB RAM, 1TB SSD, FHD, 15.6""/39.62cm, Windows 11, MS Office 24, Silver, 1.62KG, Backlit Keyboard, McAfee 15 Month, Thin & Light Laptop",55990,3.6 out of 5 stars,37,
"HP Victus, 13th Gen Intel Core i5-13420H, 6GB RTX 4050 (16GB DDR4, 512GB SSD) FHD, 144Hz, IPS, 15.6""/39.6cm, Win11, Office21, Mica Silver, 2.3kg, fa1319TX, Backlit, B&0, Enhanced Cooling Gaming Laptop",72990,3.8 out of 5 stars,225,
"ASUS Vivobook 14, 14"" FHD (1920 x 1080),Intel Core i3-1315U Processor, (8GB RAM/512GB SSD/Intel UHD/Win 11/M365 Basic (1Year)*/Backlit Keyboard/Office Home 2024/Cool Silver/1.40 kg), X1404VA-NK761WS",33990,3.9 out of 5 stars,345,
"MSI CreatorPro X17 HX, Intel 13th Gen. i9-13980HX,44CM UHD 144Hz Mini LED Creator Laptop (64GB/4TB NVMe SSD/Windows 11 Pro/NVIDIA RTX™ 3500 Ada, GDDR6 12GB/Core Black/3.3Kg), A13VKS-249IN",474490,3.7 out of 5 stars,12,
"HP 15s, 12th Gen Intel Core i3-1215U Laptop (8GB DDR4, 512GB SSD) Anti-Glare, 15.6""/39.6cm,FHD, Win 11, MS Office 21, Silver, 1.69kg, Intel UHD Graphics, HD Camera, Dual Speakers, fy5006tu",32590,4.0 out of 5 stars,"1,495",
"Lenovo IdeaPad Slim 5 Intel Core Ultra 5 125H Built-in AI 14"" (35.5cm) WUXGA-OLED 400Nits Thin & Light Laptop (16GB/1TB SSD/Win 11/MSO 21/FHD+IR Cam/1Yr ADP Free/3Mon Game Pass/Grey/1.4Kg), 83DA0049IN",74990,3.9 out of 5 stars,52,
"Lenovo IdeaPad Slim 3, Intel Core i5-12450H 12th Gen, 16GB RAM, 512GB SSD, FHD 250Nits, 14""/35.5cm, Windows 11, MSOffice 21, Grey, 1.37Kg, 83EQ005VIN,1Yr Warranty,Alexa Built-in,3 mon. GamePass Laptop",47890,3.9 out of 5 stars,609,
Lenovo V15 Intel Celeron n4500 FHD 15.6 inch Laptop / 8GB DDR4 Ram and 256GB NVME SSD/Intel UHD Graphics/Windows 11 & MS-Office/Privacy Shutter/Black / 1.6kg / 1 Year Brand Warranty,21890,3.4 out of 5 stars,12,
"EVM 8GB DDR3 Laptop RAM 1600MHz So-DIMM Memory - High-Speed Performance, Low Voltage Requirement - 10 Year Warranty (EVMT8G1600S86P)",749,4.2 out of 5 stars,827,
"Lenovo Ideapad 5 2-in-1 AMD Ryzen 7 8845HS 14"" (35.5cm) WUXGA IPS 300Nits Convertible Laptop (16GB/512GB SSD/Win 11/Office Home 2024/Backlit KB/FPR/FHD Camera/Grey/1.6kg), 83DR003BIN",75990,4.8 out of 5 stars,11,
"Acer Predator Helios 16 Gaming Laptop 14th Gen Intel Core i9 Processor (Windows 11 Home/16 GB/1 TB SSD/NVIDIA GeForce RTX 4070) PH16-72 with 40.64 cm (16"") WQXGA Display",174990,3.5 out of 5 stars,10,
"Lenovo V15 Intel Core i7 12th Gen 15.6"" (39.62 cm) 16GB RAM/512GB SSD/Windows 11 Home/FHD (1920x1080) Antiglare 250 Nits Thin and Light Laptop/Iron Grey/1Y Onsite Warranty /1.7 kg, 82TTA08AIN",43990,3.4 out of 5 stars,34,
"Dell Inspiron 3535, AMD Ryzen 5-7530U, 16 GB RAM, 512 GB SSD, FHD IPS 15.6""/39.62 cm, 120Hz, Windows 11, MS Office 2024, Platinum Silver, 1.67 kg, Thin & Light Laptop",39990,3.4 out of 5 stars,16,
"Zebronics-NS1500 Laptop Stand Featuring Foldable Design, Anti-Slip Silicone Rubber Pads, Supports Maximum of 5kgs Weight Tabletop",239,3.7 out of 5 stars,"4,548",
"HP Victus, AMD Ryzen 9-8945HS, 8GB RTX 4060, Upgrade (Upto 32GB) 16GB RAM, 1TB SSD, 144Hz, 300nits, IPS, 15.6""/39.6cm, FHD, Win11, M365* Office 24, Blue, 2.29Kg, Backlit, fb3025AX, AI Gaming Laptop",99990,3.0 out of 5 stars,10,
"HP OmniBook 5 (Previously Pavilion), QC Snapdragon X (16GB LPDDR5x, 512GB SSD) 2K, OLED, 14''/35.6cm, Win11, M365 Basic(1yr)* Office24, Silver, 1.35kg, he0014QU, Ultra Light-weight, Next-Gen AI Laptop",68990,,M.R.P.:,
"Lenovo Smartchoice Yoga Slim 7 Intel Core Ultra 5 125H Built-in AI 14""(35.5cm) WUXGA-OLED 400Nits Laptop (16GB/512GB SSD/60Hz/100% DCI-P3/Win11/MSO 21/1Yr ADP Free/Alexa/Grey/1.39Kg), 83CV003MIN",74990,4.0 out of 5 stars,25,
"Samsung Galaxy Book4 (Gray, 16GB RAM, 512GB SSD) | 15.6"" Full HD Screen | Intel Core i5 1335U Processor | Windows 11 Home | MS Office 2021 | Fingerprint Reader | Intel Iris XE Graphics | RJ45 LAN Port",53950,4.2 out of 5 stars,55,
"ASUS Vivobook 15,13th Gen,Intel Core i3-1315U (Intel UHD /16GB RAM/512GB SSD/FHD/15.6""/60Hz/Win 11/M365 Basic (1Year)*/Backlit Keyboard/Office Home 2024/Quiet Blue/1.70 kg) X1504VA-NJ2325WS",35990,3.7 out of 5 stars,25,
"Lenovo IdeaPad Pro 5, Intel Core Ultra 9 185H, 32GB RAM, 1TB SSD, 2.8K-OLED 400Nits 120Hz, 14""/35.5cm, Windows 11, MS Office 21, Grey, 1.4Kg, 83D2001GIN,IntelArc GPU, FHD+IRCam, AI Powered Laptop",108790,4.2 out of 5 stars,141,
"ASUS Vivobook 15,13th Gen,Intel Core i5-13420H(Intel UHD iGPU/16GB RAM/512GB SSD/FHD/15.6""/60Hz/Backlit Keyboard/Windows 11/M365 Basic (1Year)*/Office Home 2024/Quiet Blue/1.70 kg) X1502VA-BQ836WS",50990,3.8 out of 5 stars,58,
"Lenovo IdeaPad 3 12th Gen Intel Core i3-1215U 15 Inch (39.65cm) FHD Thin & Light Laptop (16GB/512GB SSD/Windows 11/Office 2021/1Yr ADP Free/3months Game Pass/Arctic Grey/1.63Kg), 82RK017RIN",34785,4.1 out of 5 stars,"1,145",
"ROG Strix G16 (2024), 16 ""(40.64cm) QHD+ 240Hz, Intel Core i9 14900HX, Gaming Laptop (16GB DDR5/1TB SSD/NVIDIA GeForce RTX 4070 /Windows 11/Office 2021/Eclipse Gray/2.50 Kg), G614JIR-N4062WS",209980,3.6 out of 5 stars,13,
"Dell 15 Thin & Light Laptop, Intel Core i5-1235U Processor/16GB DDR4 + 512GB SSD/Intel UHD Graphics/15.6"" (39.62cm) FHD Display/Win 11 + MSO'21/15 Month McAfee/Carbon Black/Spill Resistant KB/1.69kg",45990,3.7 out of 5 stars,575,
"DELL 14 (2025) Intel Core i3 12th Gen 1215U - (16 GB/512 GB SSD/Intel UHD Graphics/Windows 11 Home) Thin and Light Business Laptop/14.0"" HD Display/Grey/1.5 kg/MS Office 2021/1 Year ADP Warranty",33280,5.0 out of 5 stars,1,
"HP 15, Intel Ultra 5 125H, 12 TOPS (16GB DDR5, 1TB SSD) FHD, IPS, 15.6''/39.6cm, Win11, M365 Basic(1yr)* Office24, Silver, 1.65kg, fd1255TU, Intel Arc Graphics, FHD Camera w/shutter, AI powered Laptop",62990,3.0 out of 5 stars,21,
"ASUS Vivobook S16,13th Gen,Intel Core i5-13420H,Metallic Design Laptop(Intel UHD iGPU/16GB RAM/512GB SSD/FHD+/16""/144Hz/Windows 11/M365 Basic(1Year)*/Office Home 2024/Matte Gray/1.7 Kg)S3607VA-RP054WS",59990,5.0 out of 5 stars,2,
